StudentID,Age,email,hrsStudy,FinalGrade
16171,25,s16171@oslomet.no,10,81
44023,31,s44023@oslomet.no,6,83
71581,25,s71581@oslomet.no,9,26
58387,20,s58387@oslomet.no,9,673
62039,23,s62039@oslomet.no,4,46
71505,23,s71505@oslomet.no,1,49
63176,20,s63176@oslomet.no,0,98
91520,33,s91520@oslomet.no,9,60
58153,220,s58153@oslomet.no,10,35
26914,31,s26914@oslomet.no,9,93
